Name,Tag
19292N2_ddec,fold_0
19466N2_ddec,fold_0
21014N2_ddec,fold_0
20021N2_ddec,fold_0
10020N2_ddec,fold_0
19560N2_ddec,fold_0
13072N2_ddec,fold_0
17000N2_ddec,fold_0
20470N2_ddec,fold_0
22458N2_ddec,fold_0
20403N2_ddec,fold_0
22271N2_ddec,fold_0
22272N2_ddec,fold_0
16000N2_ddec,fold_0
16172N2_ddec,fold_0
2245lN2_ddec,fold_0
15210N2_ddec,fold_0
22105N2_ddec,fold_0
21530N2_ddec,fold_0
20203N2_ddec,fold_0
19571N2_ddec,fold_0
19260N2_ddec,fold_0
21060N2_ddec,fold_0
16030N2_ddec,fold_0
21394N2_ddec,fold_0
19460N2_ddec,fold_0
19360N2_ddec,fold_0
21033N2_ddec,fold_0
16032N2_ddec,fold_0
20600N2_ddec,fold_0
16190N2_ddec,fold_0
15240N2_ddec,fold_0
15220N2_ddec,fold_0
17151N2_ddec,fold_0
221010N2_ddec,fold_0
22451N2_ddec,fold_0
11003N2_ddec,fold_0
21400N2_ddec,fold_0
21032N2_ddec,fold_0
19180N2_ddec,fold_0
20510N2_ddec,fold_0
22070N2_ddec,fold_0
16053N2_ddec,fold_0
18031N2_ddec,fold_0
15186N2_ddec,fold_0
19281N2_ddec,fold_0
18112N2_ddec,fold_0
17230N2_ddec,fold_0
22411N2_ddec,fold_0
16142N2_ddec,fold_0
2245hN2_ddec,fold_0
05001N2_ddec,fold_0
20167N2_ddec,fold_0
15021N2_ddec,fold_0
21320N2_ddec,fold_0
18070N2_ddec,fold_0
15170N2_ddec,fold_0
22440N2_ddec,fold_0
20141N2_ddec,fold_0
2245eN2_ddec,fold_0
20182N2_ddec,fold_0
07000N2_ddec,fold_0
21034N2_ddec,fold_0
12000N2_ddec,fold_0
2245jN2_ddec,fold_0
20530N2_ddec,fold_0
2245uN2_ddec,fold_0
20411N2_ddec,fold_0
21170N2_ddec,fold_0
22041N2_ddec,fold_0
16120N2_ddec,fold_0
13020N2_ddec,fold_0
2245bN2_ddec,fold_0
13121N2_ddec,fold_1
16010N2_ddec,fold_1
14070N2_ddec,fold_1
21011N2_ddec,fold_1
19540N2_ddec,fold_1
20201N2_ddec,fold_1
16400N2_ddec,fold_1
15162N2_ddec,fold_1
22453N2_ddec,fold_1
16150N2_ddec,fold_1
19280N2_ddec,fold_1
16171N2_ddec,fold_1
20700N2_ddec,fold_1
20280N2_ddec,fold_1
22420N2_ddec,fold_1
16002N2_ddec,fold_1
21071N2_ddec,fold_1
221012N2_ddec,fold_1
15131N2_ddec,fold_1
18101N2_ddec,fold_1
221013N2_ddec,fold_1
20331N2_ddec,fold_1
20202N2_ddec,fold_1
20401N2_ddec,fold_1
17060N2_ddec,fold_1
19330N2_ddec,fold_1
15111N2_ddec,fold_1
20531N2_ddec,fold_1
21391N2_ddec,fold_1
19572N2_ddec,fold_1
18140N2_ddec,fold_1
13070N2_ddec,fold_1
22101N2_ddec,fold_1
19070N2_ddec,fold_1
22000N2_ddec,fold_1
19470N2_ddec,fold_1
20421N2_ddec,fold_1
20290N2_ddec,fold_1
22160N2_ddec,fold_1
20650N2_ddec,fold_1
20640N2_ddec,fold_1
17154N2_ddec,fold_1
21770N2_ddec,fold_1
19481N2_ddec,fold_1
21680N2_ddec,fold_1
11040N2_ddec,fold_1
20450N2_ddec,fold_1
20460N2_ddec,fold_1
19430N2_ddec,fold_1
21312N2_ddec,fold_1
18110N2_ddec,fold_1
22140N2_ddec,fold_1
19353N2_ddec,fold_1
13100N2_ddec,fold_1
20362N2_ddec,fold_1
15160N2_ddec,fold_1
12001N2_ddec,fold_1
20181N2_ddec,fold_1
20166N2_ddec,fold_1
21072N2_ddec,fold_1
19530N2_ddec,fold_1
15031N2_ddec,fold_1
16160N2_ddec,fold_1
221011N2_ddec,fold_1
18032N2_ddec,fold_1
15071N2_ddec,fold_1
19511N2_ddec,fold_1
20672N2_ddec,fold_1
19531N2_ddec,fold_1
19102N2_ddec,fold_1
22180N2_ddec,fold_1
19520N2_ddec,fold_1
16311N2_ddec,fold_1
12010N2_ddec,fold_2
17061N2_ddec,fold_2
20402N2_ddec,fold_2
20282N2_ddec,fold_2
15253N2_ddec,fold_2
19350N2_ddec,fold_2
14080N2_ddec,fold_2
13060N2_ddec,fold_2
13077N2_ddec,fold_2
15100N2_ddec,fold_2
21310N2_ddec,fold_2
08011N2_ddec,fold_2
16020N2_ddec,fold_2
17150N2_ddec,fold_2
21823N2_ddec,fold_2
16055N2_ddec,fold_2
10000N2_ddec,fold_2
22061N2_ddec,fold_2
19570N2_ddec,fold_2
12050N2_ddec,fold_2
2245gN2_ddec,fold_2
2245oN2_ddec,fold_2
21314N2_ddec,fold_2
13010N2_ddec,fold_2
13080N2_ddec,fold_2
21050N2_ddec,fold_2
16480N2_ddec,fold_2
11002N2_ddec,fold_2
20620N2_ddec,fold_2
16170N2_ddec,fold_2
21140N2_ddec,fold_2
13190N2_ddec,fold_2
20281N2_ddec,fold_2
20090N2_ddec,fold_2
22171N2_ddec,fold_2
21012N2_ddec,fold_2
19541N2_ddec,fold_2
17040N2_ddec,fold_2
19310N2_ddec,fold_2
07002N2_ddec,fold_2
17100N2_ddec,fold_2
16001N2_ddec,fold_2
16361N2_ddec,fold_2
22322N2_ddec,fold_2
16060N2_ddec,fold_2
13130N2_ddec,fold_2
19120N2_ddec,fold_2
15060N2_ddec,fold_2
20091N2_ddec,fold_2
20140N2_ddec,fold_2
20610N2_ddec,fold_2
16272N2_ddec,fold_2
16211N2_ddec,fold_2
20030N2_ddec,fold_2
21031N2_ddec,fold_2
18033N2_ddec,fold_2
19214N2_ddec,fold_2
21251N2_ddec,fold_2
22172N2_ddec,fold_2
20031N2_ddec,fold_2
21030N2_ddec,fold_2
16031N2_ddec,fold_2
15061N2_ddec,fold_2
16140N2_ddec,fold_2
22001N2_ddec,fold_2
15040N2_ddec,fold_2
19351N2_ddec,fold_2
13050N2_ddec,fold_2
21451N2_ddec,fold_2
17191N2_ddec,fold_2
20169N2_ddec,fold_2
15252N2_ddec,fold_2
22108N2_ddec,fold_3
21070N2_ddec,fold_3
15090N2_ddec,fold_3
22150N2_ddec,fold_3
21390N2_ddec,fold_3
19101N2_ddec,fold_3
2245cN2_ddec,fold_3
21761N2_ddec,fold_3
21440N2_ddec,fold_3
08013N2_ddec,fold_3
20165N2_ddec,fold_3
21340N2_ddec,fold_3
15020N2_ddec,fold_3
21740N2_ddec,fold_3
20161N2_ddec,fold_3
2245dN2_ddec,fold_3
16510N2_ddec,fold_3
22390N2_ddec,fold_3
21822N2_ddec,fold_3
19090N2_ddec,fold_3
20162N2_ddec,fold_3
21411N2_ddec,fold_3
13012N2_ddec,fold_3
21181N2_ddec,fold_3
13150N2_ddec,fold_3
19140N2_ddec,fold_3
19061N2_ddec,fold_3
19341N2_ddec,fold_3
19462N2_ddec,fold_3
15250N2_ddec,fold_3
16210N2_ddec,fold_3
18141N2_ddec,fold_3
21395N2_ddec,fold_3
16080N2_ddec,fold_3
21130N2_ddec,fold_3
17190N2_ddec,fold_3
16481N2_ddec,fold_3
22270N2_ddec,fold_3
20680N2_ddec,fold_3
17020N2_ddec,fold_3
21250N2_ddec,fold_3
21450N2_ddec,fold_3
21470N2_ddec,fold_3
14091N2_ddec,fold_3
19510N2_ddec,fold_3
13075N2_ddec,fold_3
20341N2_ddec,fold_3
21080N2_ddec,fold_3
17140N2_ddec,fold_3
18060N2_ddec,fold_3
21781N2_ddec,fold_3
20300N2_ddec,fold_3
2016bN2_ddec,fold_3
22106N2_ddec,fold_3
19291N2_ddec,fold_3
17180N2_ddec,fold_3
14071N2_ddec,fold_3
22080N2_ddec,fold_3
20671N2_ddec,fold_3
19290N2_ddec,fold_3
16340N2_ddec,fold_3
20120N2_ddec,fold_3
21035N2_ddec,fold_3
21082N2_ddec,fold_3
2245aN2_ddec,fold_3
19380N2_ddec,fold_3
15110N2_ddec,fold_3
22100N2_ddec,fold_3
22450N2_ddec,fold_3
19130N2_ddec,fold_3
17130N2_ddec,fold_3
16360N2_ddec,fold_3
15101N2_ddec,fold_4
17152N2_ddec,fold_4
18061N2_ddec,fold_4
16310N2_ddec,fold_4
22290N2_ddec,fold_4
2245tN2_ddec,fold_4
19142N2_ddec,fold_4
19366N2_ddec,fold_4
16450N2_ddec,fold_4
15010N2_ddec,fold_4
19410N2_ddec,fold_4
16011N2_ddec,fold_4
21081N2_ddec,fold_4
16040N2_ddec,fold_4
22320N2_ddec,fold_4
12040N2_ddec,fold_4
17030N2_ddec,fold_4
16460N2_ddec,fold_4
17250N2_ddec,fold_4
13071N2_ddec,fold_4
18090N2_ddec,fold_4
19412N2_ddec,fold_4
22141N2_ddec,fold_4
16331N2_ddec,fold_4
19200N2_ddec,fold_4
21811N2_ddec,fold_4
08030N2_ddec,fold_4
16312N2_ddec,fold_4
19490N2_ddec,fold_4
22143N2_ddec,fold_4
19573N2_ddec,fold_4
17131N2_ddec,fold_4
20360N2_ddec,fold_4
21830N2_ddec,fold_4
19411N2_ddec,fold_4
13191N2_ddec,fold_4
19453N2_ddec,fold_4
22520N2_ddec,fold_4
20630N2_ddec,fold_4
20080N2_ddec,fold_4
20142N2_ddec,fold_4
13076N2_ddec,fold_4
20410N2_ddec,fold_4
22182N2_ddec,fold_4
15251N2_ddec,fold_4
19352N2_ddec,fold_4
20250N2_ddec,fold_4
16174N2_ddec,fold_4
14072N2_ddec,fold_4
13073N2_ddec,fold_4
08012N2_ddec,fold_4
22060N2_ddec,fold_4
15150N2_ddec,fold_4
13074N2_ddec,fold_4
22040N2_ddec,fold_4
10010N2_ddec,fold_4
22181N2_ddec,fold_4
20420N2_ddec,fold_4
2245fN2_ddec,fold_4
14090N2_ddec,fold_4
15070N2_ddec,fold_4
13122N2_ddec,fold_4
20472N2_ddec,fold_4
19340N2_ddec,fold_4
22103N2_ddec,fold_4
19521N2_ddec,fold_4
15030N2_ddec,fold_4
19282N2_ddec,fold_4
21013N2_ddec,fold_4
16271N2_ddec,fold_4
22530N2_ddec,fold_4
21073N2_ddec,fold_4
